,posts
0,Not charted on the 'dash
1,OK BUDDY BIOLOGY
2,damn her bundle is F L A T
3,For tha biologist
4,catgirls and evolutionary neuropsychology
5,"Hide your kids, SL(2, R) is coming"
6,When you realise you have a type
7,Guys I think I have a Staphylocockus and Ballcillus infection ğŸ˜­
8,qft be like
9,And people were saying CERN was gonna crash the server
10,calculus?ğŸ¤” more like morbius ğŸ¤£ğŸ˜‚ğŸ˜ğŸ‘
11,"I correct people on their knowledge of zoologist jargon, therefore I am a contributing member of society"
12,jennifer please sign my bifurcation diagram
13,haha!
14,POV: You're studying Nucleosynthesis
15,Shits bussin
16,"I love it when the mafic olivine/pyroxene-rich melt goes, ""it's MORBin' time!"" and then proceeds to piss and shit all over the ocean floor also if you post r/okbuddyhighschool you're a nerd ğŸ¤“"
17,"Words to make any guy excited ğŸ˜³ ""Fine resolution accurate country borders downloadable from the data portal"" ğŸ˜©ğŸ‘Œ"
18,N
19,Me when my supervisors foolishly leave the fetal bovine serum unattended
20,They don't teach you this in school.
21,Am i doing the math right ???
22,"Thankfully, it's another dud year for Arctic Sea Ice"
23,Placebo rule
24,What if?
25,Rul- Wait this is the wrong place
26,Le Asiatic Hordes has arrived
27,Ministry of ğŸ§¢
28,no citations?
29,if ykyk
30,Harvard entrance exam
31,be sure to try this one at home
32,Where did it go
33,MFW (my face when) C = ÎµA/d
34,He is ğŸ˜‚ğŸ’€ğŸ’€ğŸ’€ ğŸ˜‚ğŸ’€ğŸ˜‚ ğŸ’€ğŸ’€ğŸ˜‚ ğŸ’€ğŸ’€ğŸ’€ğŸ’€
35,The TRUTH of String Theory REVEALED!!!! (Ignore the lack of Calibi-Yau manifolds)
36,Least Soluble Compound
37,Ideal diode dingleberry
38,It's morbid time ğŸ˜
39,ğŸ¤“
40,Dumbass
41,Calculsus
42,bad life choices
43,The forbidden nasal passage
44,cant even provide in an acceptable timespan smh
45,s*s chord
46,Sucks for everyone involved
47,"let's say, hypothetically, you were starving and you asked a person for a free lunch and lets say, hypothetically, the person you were asking was a computer scientist"
48,Based turtle/pig things
49,yes
50,These mf horny as hell
51,le channel be like i'm not so funny anymore...huh?
52,copper magnesium
53,Chab ğŸ¤¯?? Can anyon confirn! =
54,"Mf be like ""Arthropods don't have x/y-brainstructure"""
55,Easiest lorentz function of my life
56,Catastrophic forgetting moment
57,Cock & Penis Torture ğŸ˜³
58,i watched jane die
59,Quantum Chromo-Dynamics SMH ğŸ™„
60,TW// *Emotional*
61,fr who done it ğŸ¤¯
62,fluorobenzene fans when balls-semen reaction ğŸ¤¯ğŸ¤¯ğŸ¤¯
63,dont ever polarize no light from the gas station
64,God this paper fucks so hard
65,Subduction mfs be like
66,Best by date? More like half life
67,What next? General relativity?
68,ğŸ¤°ï¸ğŸ¥µï¸
69,When
70,*Notices intrinsic attenuation* ğŸ˜³
71,Thermodynamics be like
72,Is it me or is it getting crazier out there?
73,iâ€™m sorry but i donâ€™t believe FT is real
74,He got that green top though
75,I HATE PROPRIETY FILE TYPES
76,"Others may morb, but he metamorbs"
77,Euthycarcinoidea ğŸ¥µğŸ¥µ first on land first in my heart ğŸ¥µ
78,Very sus indeed
79,avg thermodynamics enthusiast
80,Injection Time ğŸ˜ğŸ˜ğŸ˜
81,true ğŸ˜
82,e^ix goes brrrrr
83,ğŸ
84,She thinks ğŸ˜³
85,I LOVE EXCESSIVE DOPAMINERGIC SIGNALLING
86,these fake halophyte mfs finna make me lose my mind !!
87,i need to cool off
88,chad eË£ > virgin cË£
89,Virgin e^x < Chad e^2x
90,ğŸ˜¤ğŸ˜¤ğŸ˜¤
91,SOUTH PARK EPIC WE DID IT REDDIT!!!!
92,me when
93,PhagolySUSom
94,Fine tuning more like find yourself some bitches
95,Quantum Debugging
96,[OC] Mom thinks she can boss around a PhD >:(
97,"shoutout to Elwyn Berlekamp, John Conway, and Richard Guy"
98,Behavioural economics time
99,Atonality is too cring for an intellectual like me
100,When the transport is anterograde!
101,Pure State Gang Rise Up
102,Me an enggineer learning â€œcomputational geometryâ€
103,Fourier suseries
104,Caption generated by Reynolds Averaging
105,Who Should do the Dishes: A Transportation Problem Solution
106,"I told you there would be consequences, and you made it all too easy for me et al."
107,I LOVE RESEARCH
108,Heard that and could not stop thinking about it.
109,For all your mouth pipetting needs
110,imagine if you could teach dust mites some tricks
111,Real restraint
112,how about you construct some bitches with straitghtedge and compass in a finite number of steps
113,RIP BOZO ğŸ˜‚ ğŸ˜‚
114,"Michael Morbius, MD"
115,For all my fellow actin enjoyers
116,i hate abstract algebra
117,i love quantum computing
118,ğŸ“ğŸ“
119,Bro quit wasting the energy ğŸ’€
120,my sign is 5 + 10j
121,What do you think the geologic setting of Skyrim is like? ğŸ¤”
122,What shape is it (okbuddyPhD topology edition)?
123,Cringe
124,Like a bostonite
125,When the geologists find themselves on the wrong hub
126,I LOVE GABA DOWNREGULATION
127,Haven't seen that one before
128,he successfully filled spec-AspPğŸ’€ğŸ’€ğŸ’€
129,Someone explain pls
130,Facts and logic time ğŸ˜ğŸ˜ğŸ˜
131,big if true
132,inb4 r/okbuddyhighschool YEAH I KNOW TARDFACE JUST LAUGH
133,Old technical terms moment
134,Microsoft forum post hell
135,I LOVE FINDING THE OVERALL HEAT TRANSFER COEFFICIENT FOR SYSTEMS
136,For your father s`(n) = s(1/n)
137,damn this ANOVA really do be hittin doe ğŸ¥´ğŸ¥´ğŸ˜µâ€ğŸ’«ğŸ˜µâ€ğŸ’«ğŸ˜µâ€ğŸ’«
138,And they will ask again and again
139,Depletion of light rare earth elements can only mean one thing...
140,no fucking way
141,NOT ALLOWED
142,Descartes gaming
143,Your mother conducts my c0ck ğŸ˜
144,Virgin Set Theorist vs Chad Category Theorist
145,Thought this also belonged here
146,me when bridge
147,The Morbius norm (L_{morb})
148,CAP
149,Gay math
150,who needs books when I can read the official ISO C11 standard
151,Say TXS one more time....
152,Not-Too-Solid Mechanics
153,"Jk, botany is pretty cool :)"
154,Yerkes-Dodson boobies
155,SU(5) is kinda SUSY
156,More like autodidactic virgin
157,waning crescent
158,Chebyshev Silverado ğŸ˜³
159,"T=mg+ma, T= tension (N or kg-m/s2)"
160,Fuck Archimedes all my homies use ultrametrics
161,When you ask an inorganic ch*mist a question and they don't have a super computer to hand
162,iâ€™m a gamma male ğŸ¤“
163,No deities?
164,best friends ğŸ˜ğŸ˜ğŸ˜
165,I want my money back!
166,ethr ğŸ’€
167,YES I CAN
168,invasive species invasive species catastrophic environmental collapse non-native predator funny little creature domesticated accidentally hahahahahahdecimated rodent population 63 extinctions
169,Hand-drawn lab coat because it's Intellectualâ„¢
170,Oh thats quite intuitive. wtf cone of what?
171,Cum is cyclic
172,FUCK THAT GUY
173,Quantity is it's own quality
174,help
175,when lava flows underwater it behaves differently
176,rule
177,L=IÏ‰
178,Jesse we need to go to los pronouns hormones to cook estrogen
179,Holonomic bitches
180,(there is no smart joke)
181,IdiotsğŸ˜¤
182,Which side r u on?????????
183,it's time boys
184,crazy mf smh
185,Abstract: sex with youâ€™re mom
186,"Visited a museum the other day, does this count"
187,If Heisenberg were a physical chemist
188,Big O
189,The spatial and temporal boundaries do be 1-periodic
190,ğŸ¤¬
191,treee love how??
192,I WANT TOPOLOGIES TO ENABLE MY PARANOID SCHIZOPHRENIA
193,linguists try not to make oral sex jokes challenge (impossible)
194,memes i made in my cognition class today: a collection
195,gaussian integral lookin' ahh
196,log(ğŸ˜‹)
197,Harmonic Oscillators Be Like
198,hanker man
199,"â€œSorry, before crying can you answer a few questions?â€"
200,how about you cycle through some bitches
201,???? NO GAINS???
202,FWO Fatal White Order (equinologists only)
203,I hope the cat's fine
204,Reynolds Averaging is a myth.
205,Thank you Floppa I will be grateful
206,relativistic (m)ass ğŸ¤¢ğŸ¤¢
207,hahah degranulation goes brrrrrr
208,real
209,METHOD TAP IN
210,Spoiler as to how u were borned
211,Biggest philosophy discovery of 2022
212,laugh
213,linguistics mfs tryna come up with an original joke
214,More like SUSmic acid
215,morbius strip
216,Quantum mechanics
217,Gigachad Kinesin and Dynein
218,Me heat transferring my cum into ur mum ğŸ˜
219,uwu daddy sgRNA guide it in
220,typical quora retard ğŸ¤“ğŸ¤“ğŸ¤“
221,"Right twix left Twis, you pick a side!!!"
222,"""You should be able to solve this~"""
223,Funny balls
224,dON'T DO IT!!!1!1
225,Ain't no way rule
226,How about you propagate some bitches
227,Cringe phisisists
228,Which one will you pick ?
229,i'm on that sigmoid male grindset
230,the relative narcotic potency do be elevated
231,Nerds take note ğŸ‘†
232,how about you simply connect with some bitches
233,"Whatever you do, don't solve Riddler's riddle ğŸ˜³"
234,kyles house is boring hurry pls ğŸ˜“
235,Denial
236,Biologists try not to name things weird challenge (Impossible)
237,dogs don't live on a planet with an orbital period 1/7 of earth's
238,Shout out to rcosÎ¸ğŸ˜ğŸ˜ğŸ’ª
239,woah guys i have found cum square
240,STOP DOING GAME THEORY
241,ROSALIND FRANKLIN A MICKEY MOUSE SCIENTIST ğŸ˜¤ ğŸ˜¤ ğŸ˜¤ ğŸ˜¤ ğŸ˜¤ ğŸ˜¤. YOUR GOAT CARRIED BY GOSLING(A MAN ğŸ¤¢ ğŸ¤¢ ğŸ¤¢ ğŸ¤¢ ğŸ¤¢ ğŸ¤® ğŸ¤® ğŸ¤® )????ğŸ¤¨ ğŸ¤¨ ğŸ¤¨ ğŸ¤¨ ğŸ¤¨ ğŸ¤¨ ğŸ¤¨ ğŸ¤¨ ğŸ¤¨ MARIE CURIE SWEEPS HER BITCHASS.ğŸ¥µğŸ¥µğŸ¥µğŸ¥µğŸ¥µğŸ¥µ MARIE CURIE > ROSALIND FRAUDLIN.
242,your mom's weight gain response (infinite)
243,getoutofmyhead
244,No wonder professor keeps asking me to come to office hours
245,Nearest neighbor algorithm? How about you get near some bitches
246,Me finding the matrix of your mom ğŸ˜ ğŸ˜ ğŸ˜
247,I'm learning more about my interests
248,Guys this diagram seems a bit suspicious ğŸ˜¬
249,"anime memes but I replace the punchline with math, physics, chemistry, and more"
250,Should've went to MIT Batman
251,ITâ€™S SUCH A GOOD WAY TO PROCESS STEEL
252,Squid
253,Bernoulli more like Bernoullikely to get no bitches
254,"This me, no ğŸ§¢"
255,That heisenbitch
256,More marine science representation
257,Dont
258,I want to keto ur enolğŸ˜
259,"""with some exceptions, metazoan organisms use sex""... you're are the exception"
260,Letâ€™s see if any of you guys can solve this
261,you absolute fools
262,I did the test guys.
263,Im surrounded by idiots
264,He forgor â˜ ï¸
265,Simple C*VID remedy!!!!
266,NLP researchers try not to reference Sesame Street challenge (IMPOSSIBLE)
267,I like em curvy
268,No
269,Idiot
270,Absolutely not.
271,Dipole moment
272,Oh god oh fuck don't plot the region of stability of 3-step Adams-Bashford method for solving numerical ordinary differential equations
273,Zamn
274,Biologists try not to abuse the -ome suffix for 12 seconds challenge (impossible)
275,Le dynamic programming has arrived
276,Which one are you ğŸ§ğŸ¤ 
277,Please help
278,"Extremely important femboy science (LBGT+ focused, but open to anyone)"
279,It is shy ğŸ‘‰ğŸ‘ˆ
280,(choice theory retards when dog coein ğŸ˜³ğŸ˜³ğŸ˜³ğŸ˜§ğŸ˜ğŸ˜”)
281,bruh
282,When the PHD does the thing!!!
283,I have a massive art block
284,Reducible configuration moment
285,Beta-galactosidase? More like Sigma-galactosidase
286,what side u on?
287,"(her moment of inertia is given by 2/5 MR^2, for M>>1)"
288,rice krispie mf
289,BASED REASONING
290,grape ğŸ¤¤
291,title
292,You're mom et al. (1843)
293,Homosex theory
294,sorry Iâ€™m not basic ğŸ˜¢ğŸ˜­
295,"i am aware that it indeed is solvable, but it is known to be ""unsolvable"" generally speaking"
296,Shame on you anodized alumiFRAUD membranes ğŸ¤¬ğŸ¤¬ğŸ¤¬
297,Debate chadding>Research
298,me about to do your mom on a Cartesian plane
299,An interesting tit
300,I WILL NOT TRADE OVER THE COUNTER
301,and then i cut off his arm
302,Praise the sun
303,hmu if your pussy quantized
304,If you can solve this you are Legally Thermal!!! (reupload)
305,pascal moment
306,quake III moment
307,ğŸ¤®ğŸ¤®ğŸ¤®ğŸ¤®Bri'ish FoodğŸ¤®ğŸ¤®ğŸ¤®ğŸ¤®
308,me when stackoferflow
309,Teacher unironically showed this in class
310,Choose wisely or else you'll go out of memory bounds
311,Real-Time Foliage Simulation
312,Bosons are stored in my balls
313,Modeling noise is for nerds anyway
314,Found somewhere else.
315,Who up playing with they worm
316,Peritectussy
317,Or maybe in the walls?
318,Metric system ğŸ¤®ğŸ¤®ğŸ¤®ğŸ¤®
319,When the trajectory is not locally attractive ğŸ˜”
320,"Donâ€™t worry, my semen will neutralize it"
321,how dare you
322,Oof ouch ow my crystals
323,High MHC affinity ğŸ˜¡ğŸ˜¡ğŸ˜¡ğŸ¤¬ğŸ¤¬
324,Forgive me stewie! It has to be this way cause I am a theoritician and hence lack sources..
325,I love particles
326,where the van der waals forces at?
327,Mine s ground limestone slurry
328,"according to (Nuts, D 1984) the free market is real ğŸ˜°ğŸ˜°"
329,Thatchussy
330,Shitposting an entire thesis (from @tbaggins)
331,bussy
332,always has been
333,Why don't you go SODAR some bitches?
334,I fucking love physics!
335,Intercepts ğŸ¤®ğŸ¤®ğŸ¤®
336,Schlongevity sciences
337,NOOO YOU CANT PROVE FREUD RIGHT LIKE THAT
338,(real)
339,"When work's fine, but you deeply resent your alma mater."
340,quick reminder for y'all
341,okbuddykindergarden â€¢ r/okbuddykindergarden
342,this is me when i when
343,"As of 4/1/22, Okbuddyphd is now officially okbuddykindergarten"
344,The stuff in my pants is brown
345,Fresh cut
346,look my new book I rember ğŸ˜€ to get
347,I want my mommy
348,u/Th3_Gruff spin-off episode
349,Gravity is a mickey mouse force as far as I'm concerned ğŸ¤¡ğŸ¤¡ğŸ¤¡ surface energy would win EASILY in a 1v1 ğŸ¥±ğŸ¥±ğŸ¥±
350,Imagine not having real part 1/2
351,Don't say it
352,Hmmm today I will join 2 Terabyte tables on my laptop
353,certified by the mug regulatory commission
354,Electrified
355,help him
356,Fascinated and pleased by the symmetry I bring to the subnuclear world
357,d/dğŸ˜…(ğŸ˜…) = ğŸ’§ğŸ˜„
358,OK
359,AsmatrÄÌ
360,Psychology ğŸ¤¢
361,ğŸ¤”ğŸ‰ğŸ˜‚
362,We have achieved a quantum superposition inside a digital computer using undefined behavior and compiler bugs
363,It's 100 Giga ohms
364,cummutative diagrams??? how about you commute over to some bitches ğŸ˜ˆğŸ˜ˆğŸ˜ˆ
365,i habve a Ph.D. in Terryology
366,shm my head inorganic chemists and their weird kinks
367,it really be like that sometimes man...
368,Quite a tough one
369,Observe me irreversibly banging your mom
370,Â¿guys why did I fail?
371,The okbuddyphd microcosm
372,i may not show but that quantum computer really be giving me brain damage
373,BSM particles when someone is talking about SU(3)xSU(2)xU(1) gauge theory
374,learning with error deez nuts
375,"This is not a meme, letâ€™s have a â€œcivilâ€ debate in the comments section"
376,No way ğŸ˜³ Stuff is educated in commutative Algebraâ‰ï¸But does he know the universally property of Quotientstructures ğŸ¤”
377,Yes I love theoretical physics. No I will not touch grass.
378,when your least square regression fails
379,Go Ahead
380,Sussy Barker
381,al my homies love the first law of isomorphisms
382,"So, no head?"
383,The problem of you losing your virginity can be transformed into an instance of the Boolean satisfiability problem.
384,It's year 2022 and zoomers read your name
385,Funny Current ğŸ¥´
386,'ate water (not racist just dont like gettin wet)
387,guys it doesn't cause tolerance like literally every other CB1 agonist it's natural guys
388,Bro I promise the subtropical forests will be there forever you have to trust me bro I promise you
389,Bring back ridiculously specific research memes
390,bro its just a plant we bred to be 100x stronger bro bro
391,worst mistake of my life :(
392,Yea maybe I failed statmech but you have failed stable marriage
393,TORQUE IS NOT REAL
394,when the molecules are replicating!
395,Chemitry ğŸ’€
396,engineers be like noooooo you cant call it i how will we know which is current
397,He forgor
398,"Hey guys, how do you find the magnetoelectric zone?"
399,How many times do I need to teach you this lesson old man
400,that Demon ğŸ…±ï¸ussy do be ğŸ…±ï¸USSIN tho ğŸ˜³
401,97% of readers
402,It's pretty runny so you can just chug it anyway
403,chicken nuggets
404,span
405,how bout u value some females
406,Tolstoy my beloved
407,Circular functions at home
408,Disaster prevented!
409,they got me act up ngl ğŸ¤¤ğŸ¥µ
410,What wanting to urinate it out does to a mf
411,illigal avagadrussy
412,sigma chad grindset ğŸ˜
413,i'm biased
414,chivalry is dead
415,smh my head
416,"What are you doing, step-pyrimidine? (You should probably not search this up, unless you have the stomach of a med-student.)"
417,quantumtok rule
418,Buddies doing this after their temperature raised by 0.000001Â°C
419,Gatekeep knowledge like a baws!!2! ğŸ˜ğŸ˜
420,Where is my Hamlet ğŸ˜¡ğŸ¤¬
421,her lattice be precious
422,this double slit got me bussin
423,fuck endnotes fr fr
424,"The Putin Protein and its Role in Invasive Russocarcinoma. Featuring the KGB gene, L-(S)-Lenine, Pravdasterone, lysosomes on the cell border and an oligarchosaccharide called fucnose."
425,willy
426,Give the computer vision of this dick ğŸ˜³ğŸ˜³ğŸ˜³
427,they kinda quarky doe
428,weak force gang rise up!!!
429,maxwell's demussy ğŸ˜³ğŸ˜³
430,Can't have shit in the microbio lab
431,black hole moment
432,evolutionless ğŸ™„
433,What the fuck is a muon ğŸ˜€
434,A truly scientific debunk of the theory of relativity by the physicists at Conservapedia.
435,Sub-Nyquist Sampling While Listening to My Girlfriend
436,Machine learning looking kinda sus ğŸ˜³
437,autolyze ğŸ˜¤ğŸ˜¤ğŸ˜¤
438,{e}
439,I prefer the homunculus from the jar
440,demographic transition model
441,Femboi elementary particles?? ğŸ˜³ğŸ˜³ğŸ˜³
442,Organic PeroxidesğŸ¤®
443,My English teacher once asked if there are different types of bacteria
444,design team is going well
445,Some homeless sold this papers to OP and said that it contained a secret. Guess you guys would love to figure it out.
446,String theory?? Bro go string some bitches together ğŸ¤£ğŸ¤£ğŸ˜‚ğŸ˜‚
447,NEVER ASK THEM ğŸ˜° worst mistake of my life âœˆğŸƒâ€â™‚ï¸ğŸƒâ€â™€ï¸
448,enjenir moment
449,Dead cats
450,only 5% drop rate for r/okbuddyphd membership ğŸ¤®ğŸ¤®ğŸ¤®
451,man was clearly ahead of his time
452,Me when no electron
453,"Finally defended, any feedback on my key figure?"
454,mtor moment
455,ImmunologyğŸ¤®
456,GÌ¶oÌ¶dÌ¶ Science i love Bottom Gear
457,Big D Energy
458,Schottkey âŒ Schlotzsky âœ…
459,Whats up with everyone saying all the jokes are at high school level
460,M*them*ticians and phys*cists ğŸ¤®
461,Haha coffe mug donut
462,6th time now
463,"Doing a project about the element actinium for school, so I made this:"
464,Post from P â‰  NP Gang ğŸ˜
465,Peter wasn't ready
466,Non-orientable surfaces got me actin up
467,its spelled Klein not Klien retard
468,French ğŸ¤®
469,You might say Iâ€™m a Divinologist
470,Nimma really named a group special orthodox 3 dimension Uber group
471,economy be like
472,"ğŸ˜Einstein is next, just wait until i get my train that reaches C, so i can run inside it."
473,helikopter helikopter
474,The feds can't keep me from drinking yummy iodobenzene ğŸ˜‹
475,Ayo guys ğŸ˜³ğŸ˜³
476,me when linearly dependent vectors
477,Based Nitrification
478,owned
479,Whatâ€™s my bulk density ğŸ’ªğŸ¥µ
480,congrats retard ğŸ¥³
481,MFW you discover the maximal analytic continuation of the Schwarzschild solution
482,OH BY THE LOVE OF HIGGS!!111!! THE LHC TOP QUARK DECAY DATA IS SUS!!!11!1!!
483,Normal equations? Lmao just draw a line between your points??
484,the primers do be hittin tho
485,where upvote?
486,Rip peter
487,"Finally, a bruh moment."
488,Whoever wrote those papers must have been really smart
489,One concept down for next year
490,Very nice
491,Curse you Josiah Willard Gibbs
492,He will never have drip!
493,JEREMIAH NO
494,The furry theorem
495,Axolotls be wild
496,Ayo mr steal yo girl
497,Just learned photoshop
498,eyo tetraethylmethane
499,Rockosaurus
500,Sounds like Brandenburg Concerto no. 6
501,"News Just In: Man with Prince Albert Piercing Stands Too Close to NMR Spectrometer, High-Intensity Splitting Results."
502,I did NOT SEE this coming ğŸ™€
503,Luminiferous aether intensifies
504,36.6 Years Lmao
505,what da dog doin
506,Mfw
507,Estimate the size of my balls to 3 significant figures
508,Leadposting
509,u truly r the moron
510,I'm an imbecile
511,Go back to school smh
512,"I've had enough, just use a magnifying glass if you wanna look that close ğŸ¤¬ğŸ”"
513,ğŸ’¯ ğŸš¨ ğŸ˜¤ HONESTLY BOZOğŸš¨ğŸ’¯ğŸ’¯ğŸ™„ğŸ™„
514,Trizma balls
515,Universe imposyor ğŸ¤£ğŸ˜‚ğŸ˜‚ğŸ¤£ğŸ˜‚ğŸ˜‚ğŸ˜‚ğŸ¤£ğŸ¤£ğŸ˜‚ğŸ˜‚ğŸ˜‚ğŸ¤£ğŸ˜‚ğŸ˜‚ğŸ˜‚ğŸ˜‚ğŸ¤£ğŸ¤£ğŸ¤£ğŸ˜‚ğŸ˜‚ğŸ˜‚ğŸ¤£ğŸ˜‚
516,carnots sleep paralysis b like
517,NLDFT - more like nonlocal da fuck theory
518,my cd4+ t cells watching hantavirus tear my fucking lungs up (the viral peptide fragments weren't presented to them by dendritic cells yet)
519,Will do anything but teach some bitc
520,"""B-B-But the second law cannot be violated so uh-uhh the dmon must generate more entropy during the p-process."" ğŸ™„ğŸ™„ğŸ™„ okay phd"
521,NumbersğŸ¤®ğŸ¤¢
522,Nuke
523,graphield hate monday (no math leson)
524,When the quanta of energy don't got drip
525,I was wondering how it would look like
526,A Scalable Synthesis of Methamphetamine from Paint Thinner
527,geologists btfo
528,Plothole
529,are memes about grad school allowed here?
530,The
531,"virgin computer science researcher vs chad ""scientific"" journal"
532,When someone asks an algebraic number theorist how a field can have only one element
533,category theory in shambles
534,Haha cat alive and dead so funni ğŸ˜‚ğŸ¤£ğŸ˜‚
535,hehehehe
536,All of them
537,UVB ğŸ¤¢ğŸ¤®
538,The iceberg of statistics
539,dont talk to me if your mixture color not pale pink ğŸ˜ª
540,OMGğŸ˜¡ğŸ˜¯ğŸ˜¯ğŸ˜¯
541,"bro pls my garch(5,7)ar(6,8)ma(3000) model allows for valid inference i swear bro"
542,get on my level Einstien ğŸ˜¤ğŸ˜¤
543,â€˜Fun with lasersâ€™ [OC]
544,Benzene synthisis punjabi 240p
545,A valuable lesson.
546,"juno sucks, i modeled the gas dynamics of the jovian upper atmosphere with a red cabbage."
547,Taylor formula my beloved
548,he was a gamerboy
549,Discourse Bingo
550,What the fuck is a circle
551,being is always the being of a being
552,Thank you rdj for your wisdom
553,In response to u/El_Pez4
554,The projection homomorphism of an abelian group is not necessarily closed
555,"Inspired by previous works by u/Kekkarma, 2022"
556,std::mem::alzheimers;
557,when the half life is 700 million yearsğŸ˜³
558,The Minimal Group Paradigm states that non-Genshin players will discriminate against Genshin players ğŸ˜ ğŸ˜ ğŸ˜ 
559,good luck trying by brute force loserğŸ˜
560,Please be more specific
561,very original joke ğŸ˜ƒğŸ‘ğŸ‘
562,Do you not have eyes just like many Myriapods??? ğŸ¤£
563,miss me with that liquid electrolyte shit bro
564,Captain America ğŸ‡ºğŸ‡¸ hates ğŸ˜¡ mitosis ğŸ¤¢
565,ha ha!
566,That's not a joke I solved the wave function of your mom ğŸ˜ğŸ˜ğŸ˜ğŸ˜ğŸ˜
567,"Your mom is so fat, her attempt to dance with your dad caused the gravitational waves detected at LIGO"
568,physicists when they use equations (notice how the units work out ğŸ˜‚)
569,"Virgil, the Snake of Sine Functions"
570,Your mom so thick neutrinos cant pass through her
571,Memes I made for English class
572,Weierstrauss be like
573,A truly intellectual lot they are
574,"Why yes I know all about quantum field theory, how could you tell?"
575,Funny numbre
576,Consider a compact worm in â„ Â²
577,"Taylor, the Ferret of Functions"
578,"le free power!!! ( u mad, thermodynamics?)"
579,fuck you
580,Jk jkâ€¦ unless?
581,Impossible
582,The Cyanobacteria do get a bit quirky
583,Problem? Law of Conservation of Movement?
584,Computer vision researchers do not start literally every paper with the grades of automation challenge (Failed immediately)
585,"Now, eat it."
586,Holy shit the Chad Star????
587,forum ads be like
588,Did you guys know that okbuddyphd is so popular they referenced it in electrostatics?
589,People are so edgy and unsensitive... Smh
590,PLEASE donâ€™t tell me about your day
591,Math mathematician exposed !!!
592,Mfs be down bad
593,They said Real Analysis would be fun ğŸ˜­
594,Harvesting sci-hub just to use one sentence from a 1978 article
595,Physicists ranked by how cool their names sound in my head
596,Linguists be like
597,reasonable
598,Ionizing radiation <3
599,How about you Equivalent some bitches
600,tfw you are the largest land animal of all time but you were named this
601,Me when 50atm
602,Overfitting this Dick in your Mom's mouth
603,it's not exactly elementary
604,Biology ğŸ¤® ğŸ¤¢ ğŸ¤®
605,"Fuck the nabla del notation, if people don't think you're copying down wall scratches from a psych ward you aren't doing maths properly"
606,When the dark matter is sus ğŸ˜³
607,Reading is never sus.
608,"if it doesn't have calculus, test tubes, or microscopes, it's superstition"
609,GÃ¶del Incompleteness Theorem
610,yea gotta keep it real w u broğŸ˜·ğŸ¤
611,Retinal comming out as trans?! ğŸ˜³
612,How SUSY of them
613,me when
614,"Have you ever heard Freud was a mother fucker? Like, a real one? I hear that shit all the time, I donâ€™t know what to believe anymore..."
615,"â€œPardon Me, Do You Have Any Grey Goopon?"""
616,"Mathematical statistics? Dude math or statistics, pick one"
617,ZAMN <3 IT'S NOT WELL WRITTEN
618,Couldn't be me ğŸ˜©
619,I spent more time on this than I want to admit
620,Right hand coordinate gang rise up
621,Kinetic Theory be like
622,petition to ban physicists from writing biology books. updoot to sign
623,bruh
624,When the simplex algorithm says your wife can handle at least 3 more boyfriends
625,University be like!!!!!!!!!!!!!!!!
626,Iâ€™m at the pachytene stage ngl
627,4'33 is tallğŸ˜³
628,Mfw organic chem mafs
629,Saez the Means of Production
630,Yâ€™all mind if I quit?
631,Something something maths
632,I highly forbiddenâ€™d your mom last night ğŸ˜
633,thast crasy man ğŸ˜®
634,Sigma algebra
635,Aphantasia moment
636,biology mfs will say its fake. REAL!
637,History PH.D when the ship is a she
638,mfw math ğŸ¥µ
639,AHAHAHAH
640,"What 20,000 g does to a mf"
641,semi conductors
642,darwin sus
643,Average physics te*acher ğŸ¤¦ğŸ¤¦ğŸ¤¦
644,What being part of a multicellular structure does to a motherfucker
645,Wholesome mutualistic relationship
646,How rude
647,This is integral to measurable success
648,certified RAD moment
649,This is for all of you who actually have PhDs
650,Source? Because they look similar.
651,"my phd thesi,s part 2"
652,Help
653,i graduated mega cum loudly from reddit university with masterbators degree in applied physics
654,SCHROEDINGER!!!!
655,S
656,Mfw the Diagramm commutes: ğŸ˜¼ğŸ‘Š
657,Maybe only accurate to my experience
658,Oh no
659,Metaphorically quantitative
660,ğŸ˜
661,Zamnnnn
662,Bon AppÃ©tit!
663,when physicists found the crabby pattie secret formula ğŸ˜±
664,academics when they spend 10 years in school and can finally add 'phd' to their twitter handle
665,ZAMN!!ğŸ¤ªğŸ¤ªğŸ˜ğŸ˜ğŸ˜œğŸ¤ªğŸ˜
666,0.1 / 0.1 = anurysm
667,Shims are for cowards! Real cowboys use screwdrivers!
668,"What if we kissed, at the forbidden ğŸš« transition? ğŸ¥º"
669,why don't you just optimally estimate the position of your gf if you can't measure it ğŸ˜
670,"Me when the assignment states The signal x(t) is formed from the signal v(t) by amplitude modulation. Assume that[P2] v(t) = 3 + 3 cos(10Ï€t + Ï€/3), and x(t) = v(t) Â·cos(40Ï€t). a. Draw the spectrum for v(t). b. Draw the spectrum for x(t). This spectrum goes hard feel free to screenshot ğŸ˜¤ğŸ¦ğŸ’."
671,"yeah thats cool but its almost 10, so?"
672,when the particle can surpass an impenetrable barrierğŸ˜³ğŸ˜³
673,Explosions and fire with no context
674,All my homies are immortal
675,"Gee, thanks godel..."
676,Kiss at 10MHz
677,bulges are aerodynamic
678,(Impossible) (100% fail) (NOT CLICKBAIT)
679,Reverse Induction ğŸ˜¤
680,Induction go brrr
681,When the analysis is real!!
682,GF breaking my heart :(((
683,Pennaphobes smh
684,differential equations suck
685,They do be chillin doe ğŸ˜³
686,Thicc moleculeğŸ˜³
687,Its not easy for me to see the answer to really obscure research problem ğŸ˜“
688,ğŸ¥ºğŸ¥¶ğŸ˜ğŸ˜­ pt.2
689,ğŸ˜«ğŸ˜«ğŸ˜« how about you pp complete some bitches??? ğŸ˜ˆğŸ˜ˆğŸ˜ˆ
690,ğŸ¥ºğŸ¥¶ğŸ˜­ğŸ˜­
691,"Please, continue telling me why I need both stats and calc to do chemistry when I can just add pretty colors"
692,Pine? More like...
693,Pokimanes go christmas time?????
694,when pp smaller than margin
695,Big O time
696,2017 ğŸ˜”
697,"Tectonics gang, where you at"
698,one for the real orgo heads
699,Epic
700,RNA world > disney world
701,Coolidge Effect
702,Epic nuclear moment
703,ğŸ˜³ğŸ˜³ğŸ˜³ğŸ˜³
704,that broad stretch OH tho ğŸ˜ğŸ˜ğŸ˜
705,SUSceptibility??! ğŸ¥¶ğŸ‘ŒğŸ»ğŸ˜³
706,Amogus
707,"people no longer say bless you anymore they just ""Syntax Error : invalid syntax"""
708,Telomerase sus
709,That insult was so sick I have to publish it in ISSN: 0305-4179
710,"Look at me, I break your 300 page math"
711,paper
712,when the muon is susğŸ˜³ğŸ˜³
713,I want to go back to bees and flowers!
714,"\langle Jason Bourne, Gun \rangle"
715,This has potential
716,Gibbe (no not one from icarely)
717,Zamn
718,Very cool diff equation sounds
719,Goddamn it
720,She is a vacuous woman
721,Sigma moment
722,Proof by expensive calculatorğŸ˜ğŸ˜
723,Paleoartists when they realize boobs are made of soft tissue and are unlikely to be preserved
724,Gonna keep my ion him
725,My mom says Iâ€™m on the spectrum ğŸ˜
726,Trust me bro it's super fast
727,Where's da peak doe?
728,Newton Balls
729,Free access to information incident
730,Body-Without-Medkit
731,"EPEEK TUTOREAL, HOW TO PET CAPYBARA (ITS ACTUALLY METH INSTRUCTIONS)"
732,How is this possibele ?!
733,Quanta go brrrr
734,Pee Hd
735,ğŸ¤¤ğŸ¤¤ğŸ¤¤ğŸ¤¤ğŸ˜
736,Sigma male
737,I too am carbon cringe
738,This game
739,Gay-Lussac's Law is straight fire ğŸ”¥ğŸ”¥ğŸ”¥
740,Bruh no way
741,Sigma ShitğŸ˜¤
742,oh god its growing
743,My Orgo Professor/God himself when I draw the alkyne with a stereocenter
744,ğŸ˜³ğŸ˜³ğŸ˜³
745,Fourskin ğŸ˜³
746,my gf is a cock and material science enthusiastğŸ˜
747,dont you dare do it
748,i am doing your algebra homework
749,cereal ğŸ˜©
750,Self proclaimed independent thinkers after they read the He Jiankui Affair Wikipedia page:
751,least based man in china
752,No slip condition? How about you slip some bitches on your dickğŸ¥µğŸ¥µ
753,Geology is fun
754,Pondering
755,Ahh!! Shadows!!!!
756,the copenhagen interpretation is stupid
757,the virgin cartesian plane vs the chad argand plane
758,Be careful when managing memory
759,noob
760,High school post
761,carcinization go brr
762,Assuming zero initial conditions
763,Cum id rex mussolini
764,Sigma Matrix
765,Sigma Grindset
766,Personally I enjoy being a supercritical fluid due to the amount of pressure I am under right now
767,"Yeah, nice opinion. Too bad that I'm inside your house"
768,"Anaspida gang, where you at?"
769,Don't do it plzzz
770,Transcription factor tea party!!!
771,We have no choice
772,By son of mary where is the paper
773,Inanna more like yomamma
774,Can't blame Randy
775,okbuddyhighschool?
776,Damn they be getting that radiation doe ğŸ¥µâ˜ ï¸
777,le Identity
778,Ur face has the coarse topology
779,The chunguserase enzyme code is in my hands
780,political
781,"Stupid Kyle, how else can I make the open loop gain 1ğŸ˜¡"
782,Imposter amog nus!!!! ğŸ˜³ğŸ˜³ğŸ˜³
783,When the velocity is constant ğŸ˜³
784,i ate a mole ğŸ¤ªğŸ¥µğŸ˜³
785,Charles Darwin about to go to the moon ğŸš€ğŸš€ğŸš€ğŸš€ğŸŒ•
786,Ethics
787,Paleosols go brrrrr
788,This post made by the discriminative algorithm gang
789,Stop algorithms!
790,fr they be having an undesirable locus ğŸ™„
791,also your gf has no boundy condtions cos she got no boundries
792,The methodology is spotless ğŸ˜³
793,"I invented a new logic gate! it takes two inputs and outputs 1 unless both inputs are 1 (like a reverse and gate), I call it ""nand""ğŸ˜"
794,Single electrons around you waiting to be paired ğŸ¥µğŸ™ˆ
795,testical ğŸ¤£ğŸ¤£ğŸ¤£
796,Soulism and physics can work together and lead into new discoveries about physics. Soulism and physics are one and the same
797,When the warship is sus
798,france
799,This little maneuver is gonna cost us 51 years
800,It also has a Breaking Bad reference in it
801,Thank you for ruining paleontology ğŸ‘ğŸ»
802,SlaveryğŸ˜
803,bri'ish moment
804,Idk hope yâ€™all like it
805,"""What's...the answer to life...the Universe and...everything?"""
806,Le dynamo man has arrived
807,ğŸ˜‡
808,ğŸ˜³
809,Fork the child real fast
810,newtonian physics ğŸ¤¢
811,Playdoughâ€™s cave
812,Im speed ğŸƒğŸ½â€â™‚ï¸ğŸƒğŸ½â€â™‚ï¸ğŸƒğŸ½â€â™‚ï¸ğŸ’¨ğŸ’¨ğŸ’¨
813,I love you wikipedia
814,That's Grossmann
815,Too funny to not post
816,Donâ€™t translate comb to German with text to speech. I warn you!
817,Peesycs
818,Can someone explain?
819,Analytic Continuation of Balls
820,Proof Bad
821,Cowrodynamics
822,calculus more like crapulus
823,my formula
824,though technically incomplete in my statement (with any number of objections to be made about details) I believe most will concur with my assertation that the offending post (contained within the image representing my response as a whole) is fallacious and unrepresentative of OKBPHD
825,seong gi-hun
826,Go on! Explain this with your modified gravity theories!
827,Actually...
828,haha operant conditioning go brr
829,You might be fast but are you Pikachurin fast???
830,Go outside and have a FUNCTIONing life for once please
831,Aerodynamics of the airplanr by Milikan lookin' hella fineâ˜ºâ˜º
832,Flesh is weak
833,strangeness be like
834,Imagine using the 3rd edition of Jackson ğŸ˜¡ ğŸ¤¢ğŸ˜¡ ğŸ¤¢ğŸ˜¡ ğŸ¤®
835,Schrodingers post
836,Gonna need some of that strange ğŸ˜‹ğŸ˜‹ğŸ˜‹ğŸ˜‹
837,787? ZAMN ğŸ˜ğŸ˜
838,Spooky scary Killing fields send shivers down my spine
839,le basic set theory stuff has arrived
840,"The Mechanism of the Over Reaction: A One-Pot Route to Elseviammonium Dismylates. Density dysfunctional theory, kinetic isotope defects, SP4 hybridised carbons, this one has it all."
841,Relatable experience
842,Intuition will totally work this time. Trust me bro ğŸ˜
843,calculus go
844,this returd doesn't even understand quantum superpositionğŸ¤£ğŸ¤£
845,Based prefix multipliers
846,How cook math ğŸ¤”
847,I hope I win a noble prize for this ground breaking discovery
848,I'm sure it can't possibly take him that long
849,Magnetic monopole when tbh
850,NSFW art
851,yamnaya *wiHros do be kinda *hot tho
852,Certainty of momentum or position of my wifeâ€™s boyfriend be like
853,It do be popping
854,Pauropoda gang represent ğŸ˜ğŸ¥µğŸ˜
855,Covalent bonds asking to be split
856,av*rage leibniz fan ğŸ˜„ğŸ˜„
857,the 20 year old proover
858,i fucking hate geologists
859,I love geology
860,I want to hack her bush ğŸ˜ğŸ˜
861,A sneak-peak at next week's paper on the mechanism of the Over Reaction:
862,Penis Function
863,Lamo so different!
864,One Mug'o'stiffy for a Mrs. Pair'o'nitroaniline!
865,rule
866,"me when aâ¿ + bâ¿ â‰  câ¿ for {n | n âˆˆ Z, n > 2}"
867,Maybe if we keep squeezing the water balloon itâ€™ll fix the problem
868,ah hell nah they canceled Boron
869,"Iâ€™m ok guys, really"
870,Keep ya head upâ¬†ï¸
871,ğŸ”»â€¢ B =|= 0
872,studyiyung of pissi ğŸ˜³ğŸ˜³ğŸš½
873,It's hard being smarter than your professors ğŸ˜ª
874,is morphology welcome here
875,dialyzer
876,Haha chess
877,SchrÃ¶dinger's NNN
878,Yeaaa music history/theory
879,kaon ğŸ˜ğŸ˜
880,doodoo fart
881,Îµ
882,What's your type I error rate huh
883,The Effects of Alcohol on the Grant-Writing Process
884,Î”n x t
885,Condenser go brrr ğŸ¥¶ğŸ¥¶ğŸ¥¶
886,Bodily Fluids
887,Discipline and punish me bb ğŸ˜ˆğŸ˜ˆğŸ˜ˆ
888,"""free thinkers"""
889,okbuddyaas material
890,use da fricken math notation 1 v 1 |= 1
891,"Pain, suffering even"
892,So easy just fit the semivariogram :)
893,This pic goes kinda hard
894,Standard Bas(ed)is Vector
895,I work too hard for this shit smh
896,encouragd by dept of helth and human servicesğŸ˜ƒğŸ˜ƒ
897,1984 is when the zeta function isn't considered a valid way to determine sums
898,ğŸ˜ğŸ˜ğŸ˜
899,engineers do PI (pee) in their pants ğŸ¤ª
900,he really be that typa guy
901,Okbuddyarthistory
902,Me and the boys
903,GRRR DWARF PLANET GRRRR
904,Thereâ€™s a reason there was no third triumvirate
905,Title
906,ğŸ™real talk
907,Congrats British.
908,hes a lot like joker from the movie joker
909,Ha ha this is so relatable ğŸ˜„ğŸ˜„
910,What da mouse doin ğŸ˜³
911,Indoor vertical farming < outdoor horizontal farming
912,Help me please
913,Title
914,Neoclassical economics moment
915,Midterm on Thursday wish me luck
916,Topology more like ballsology ğŸ˜ğŸ˜
917,I'm also homo
918,next time you will know ğŸ¥¸
919,Y
920,I PROVED FERMATâ€™S LAST THEORUM!!1!1!
921,ha ha!
922,Silly mom ğŸ¥¶
923,genoa fucking sux
924,the highest occupied molecular orbital (HOMO)
925,Seeing the overlap of people who understand both parts of this meme.
926,Bonus lab report ğŸ“
927,"Zac Efron, Lac Operon"
928,after successfully repelling an infection...or living to 5 days old
929,"Fuck it, triple-stranded DNA"
930,Cool math games ğŸ˜ğŸ‘ğŸ»ğŸ—¿
931,cring degenerate orbitals
932,haha polymerase go brrr
933,ğŸ˜©ğŸ˜©Non-Linear EstimatorsğŸ˜©ğŸ˜©
934,This has a lot of potential
935,A Time-Series Analysis of my Girlfriends Mood Swings
936,infinite retard theorem
937,maxwell equation âˆˆ my pocket
938,literally how d*mb do you have to be???????
939,he smarter than me ğŸ˜”ğŸ˜­ğŸ˜¥
940,Shout out to Alexandra
941,"Can I have my genes for my jaw, ge-genes for my jaw"
942,IHATEPUBLISHINGCOMPANIES
943,Continentals malding rn
944,Good news everyone!
945,When medium 2 is sus
946,basic math
947,"Fight-or-â€œflightâ€? humans canâ€™t even fly, dumbass"
948,Literally 1(984)0958
949,Important
950,Hate it when this happens smh ğŸ˜¤ğŸ˜¤
951,//NOTE: This isnâ€™t particularly efficient. Too bad!
952,ğŸ˜³AnomerğŸ˜®â€ğŸ’¨momentğŸ¤—ğŸ˜ğŸ˜«
953,changing one number will not affect my mario 64 speedrun for sure :trollface:
954,Kill me
955,Virgin Sigmund Schlomo Fraud vs Chad Carl Sagan
956,I want to bite the demon core like an apple
957,Rule
958,100 times more strength than hubb;e super awesome elescope only went 5 billon dollars over budget
959,galactic ğŸª algorithms ğŸ˜³ğŸ˜³ğŸ˜³
960,my dick âˆˆ ur mom
961,Imagine setting the problem up less stupid ğŸ™„
962,Borel Algebra < Lebesgue Algebra
963,Sprea dum
964,Haha Quantum yes
965,P.A.M. ğŸ˜
966,Wh- squares???
967,dont compute the reimann sum at 3am!1!!1! (not clickbait)
968,Boom
969,what's the problem?
970,Rotational confomers are life
971,Mfw degrees of freedom
972,ğŸ¥µğŸ¥µğŸ¥µğŸ¥µğŸ¥µ
973,They took the Lamarck pill.
974,choos ur side
975,Microbiology is melting my brain a little
976,"Explore math with our beautiful, free online graphing calculator."
977,AAAAAAAAA
978,poor people being allowed to breed smh ğŸ˜¤ğŸ˜¤ğŸ˜¤
979,Shoutouts to all the lone pairs out there
